A,B,C,D,E,F,G,H,I,J,K,L,M,N,O,P,Q,R,S,T,U,V,W,X,Y,Z
-0.3188535051081303,-1.6029805557604186,-1.5352178709022035,-0.5704008948248712,-0.21672830119587264,0.25487430067675804,-0.14944993707188436,2.010782573607277,-0.09678415830991538,0.42220166048145347,-0.22546156340099752,-0.6379430932117882,-0.016286303695742424,1.0442167783791647,-1.0848803286340662,-2.2059248271588077,-0.9512190052272814,0.8329731875406887,-1.0002081659314048,0.343462744514589,1.5460302628241545,0.6900809454192648,-2.0458533639158567,0.33446682970050046,-0.6414586748855063,-0.2224967440789436
-1.2303744006692952,0.20584824207141222,0.8213714050003852,-0.49378038932452495,-1.408793515692229,-1.2163238137027035,1.734299052098116,-0.20678986163170768,-0.7331885760119913,0.7741629092482434,-0.777376219079174,-0.41463508477688016,-1.1456411935262647,0.32504049957296904,0.0005942808504631231,1.4185880309052035,-0.14882561380878107,-0.6062699207423654,-1.185801176617191,0.45550421999136287,-0.8376449460249225,-0.14696144975816544,-0.6823497113288696,1.4876696461709589,-1.0947105694444281,-1.6547068770638789
-0.023842043368390988,-0.3637375011257383,-0.4829431172276428,0.7395770559603351,0.6112518344751409,0.4918022848569734,1.7929238658181137,-0.6837371439154437,1.0541130475865803,-0.6155624481573357,0.4374425482284036,-2.8093946009647865,-0.6535601212741409,0.5277865832688886,0.9327217243736505,-0.11139136437007018,-1.1207172991503138,0.9911361568908433,1.6307963569543384,-1.9000900011534216,0.06231590742376061,0.4799975411358757,0.3796091987493898,-1.5122449731580738,0.28901987350447306,0.0955244882468207
-0.29282114250919195,0.8565823941580236,0.9334730122258509,-0.42104503151329253,1.5904295257943812,-1.063800560006047,2.1048844470081307,-1.0904943018175457,1.484521410718553,-1.0892290095367936,0.6044320349460719,0.9418187295974634,-0.6201430668616758,0.8148652636618333,-0.9000400309065527,-0.4804093841700911,0.23025772055162322,0.19523504732833175,0.5358387941392835,0.6842993439231871,2.8212793285546485,0.9165035758368795,0.15072237054246843,0.01774697444880643,0.006885408412317336,0.32903461894980707
-0.587376053199163,1.7515718167050387,0.30827355780919424,-0.8942833016075689,-0.7691564891407966,0.86919689686113,0.3713807985281126,-0.628361736261322,-0.9224772978128893,-0.9033914421423074,0.4061486634352454,-0.3389001908941558,-1.6556494213064283,0.4497613426874884,-2.5939391888120267,-0.7433405137086843,1.5190314368195776,0.7498955847791889,-2.269087226625344,-0.7605993993515924,-0.9555021341083182,0.9239511959297105,0.315157466865617,1.3409099784442848,0.6789920328412715,0.5942579059610194
-1.1189020660198243,-0.5466858274197929,-0.5410487445976498,-1.4668703986119072,1.323850947949977,0.34444678559505965,-1.9341786916372248,0.9056624434311359,-0.9411234695640117,0.7072457911395472,-0.6708295437975388,-1.1704539330006305,-1.2392064051999632,-1.6993464065111257,-0.8185136768251547,-1.8504205880434021,0.39714212195054605,-0.9462252461334815,-0.35242730640979464,0.2745270864608867,-1.3860492679766945,-1.7751751061706005,1.6838652474646418,-1.9342134382765905,-0.9789373873198625,0.38639082679942566
0.34623535836818725,-0.44962174136536304,-1.355817835499273,1.1920419599257517,0.5783531286560676,-0.1037302384385823,-0.16104392757476718,0.8945409942817496,1.2907468965247146,0.1081258037634798,0.054347419750672935,0.7109204382668375,-2.4646979265924616,1.6936512745815002,-1.2462887856539737,-0.1926922633323755,0.5943090818762191,-0.1663024680728536,1.272611945488476,2.076015603819432,0.05248465922416816,0.740695773400308,0.6066066511662941,1.2190769311143257,0.0008550355586605987,-0.14614588846473164
-0.2619761490193583,0.10884810885248011,1.017881869877643,-1.1445457505339167,0.7818867041038012,-0.17398043790962203,-0.34152511732780194,-1.8795584722203484,-0.9939417089586655,1.0218541465516835,-0.637681395740315,1.5070129571582238,-1.0178133475444862,-1.446111273317068,0.21579790698740947,-1.1275822985236452,0.43914602331562613,0.9984670274090774,0.4377473948151293,-0.02721652845622208,-1.035272174375337,0.48641680300973783,0.4738099151061969,-0.29938052300543166,-0.1903135610861125,-0.6307101684966611
0.19672289661324174,0.041639720118918123,-0.2248545406771876,0.43244436189670893,0.6080303278393439,0.3582955625044191,0.05680601853903132,-0.23659248195337748,0.8772403557036004,0.05721366845061777,1.1313620695436797,0.5903627992595192,1.754141423198167,0.010756621744341964,-0.026951322647794318,0.505757069703506,0.4227613465221498,0.039107309722013706,0.16427696441161815,0.7457354561178032,0.1067074483933862,-1.300605552503237,-0.8186561461237017,1.5999702357624135,-0.6031198052158288,-0.09689379930648791
-0.2564568792269921,-0.2643907459389638,0.021788839478730924,1.1187565514913465,0.08671629225602386,-0.3947223262564873,0.12166194253880157,0.6105841175807438,-1.591930998322759,1.6939471493917921,-1.2404153324039415,0.3226186981878792,1.474609003057447,0.9493012262266637,1.2386949557913716,0.7213829529341239,-0.2837279362250584,2.209933819443077,3.736254198770894,0.8521855200703377,0.4958302652132301,0.3807317709029315,0.3606683096289574,0.20867054785408665,1.3234537811546268,-0.38226523800271406
1.7775065187884245,-0.6267440958815124,-1.2192830553962843,-0.2906378721969728,0.25276754463858897,-0.22002810616569857,0.3297139557321965,-0.3255478568262573,-0.5381659750202948,-0.26174592621083054,-1.0164029969413904,-0.6571643556591429,-0.3604190340492838,-1.8475096208012112,1.6439254413095785,-2.039731279453685,-0.2536967387508132,0.44724771114208195,0.09022068504412842,1.1372223242475288,0.3225353311442082,-0.4525856728929185,0.3742091039871095,0.9796003173154482,1.5701174229199997,-0.06906946048487209
0.9035118945888491,0.17289895176331566,-1.1637317502932552,-2.038332161535936,-0.7417334222551423,-1.0952284300188517,-2.3841687615151654,0.11946753055696654,0.7166315221164663,0.47306489847333005,-1.4080285987580905,-0.8846257825057318,-1.5430939874723475,-0.33474542506422106,-0.4009912072204846,-0.22647799289728712,-0.49765679035874527,1.1827312079884145,0.11570112850426549,-0.023304952871823773,0.09414863754946715,1.7834235272064636,-0.06235154965450876,0.8461260212326497,-0.6746459289005455,1.1970110678385262
0.335547664491755,-1.4942891256846655,1.3513126522485528,-1.0965241272473927,-0.8249501381049311,0.8162785723831105,0.9887515323341194,0.32674702422191343,0.21847550282796854,-0.0015876304119109442,0.22199730580231775,-0.18433872335951318,-0.522649330938331,1.5191493963898461,0.09353491099300129,1.6618656933022138,1.9357450004069943,1.146526881773967,0.8338179154503383,-0.7747801460636783,-0.5205781227784764,-0.5700350958263308,-0.399326623104561,0.9163514434906673,-1.055219429464924,0.8874510340066875
1.3656084432830033,0.7717268708898646,1.2210540680116202,-2.394487535462635,0.2525375218724018,0.6452828516979052,0.4316347673199805,0.4462368232311453,0.13298864472469565,-0.035325901504262514,0.14950802301115146,1.2499494543385117,-0.8525636228681208,-0.12922773276671562,1.0667655358342127,-0.007629533462705994,0.14024690902182338,-0.9348450754860573,-0.6750931512429164,0.4268663930144968,-2.11358061851219,-0.8289938857910636,0.42191137352469943,0.348464829337578,0.38312904428858724,0.7365347781553917
-1.59826459628915,-1.6033288596038713,-0.23011892863202443,-1.202578790192194,-1.7174141164832888,-0.10882396591109839,0.480710836734382,0.6615605540855245,0.11504014592410211,-0.3559438497784207,1.7435419706740087,-0.29652739298440445,-0.38592252126262033,-0.37237460868426636,-0.028095677762670045,-0.08230676065452039,0.3910285560823677,-0.591836067575261,0.5568240566194931,0.9849916744994266,0.8133079063113157,0.21779260818461463,-0.13170291149553204,1.9375706427330814,0.33884658263471973,1.876973236368966
2.2573365690204916,-1.574635714395852,1.3145645382416944,0.4988476122496635,-0.607883758554128,0.9895585304034421,1.0220496677020028,0.6641649513293834,1.1501294092579897,0.26206074975125493,0.3132059703032842,2.0082223444399787,0.7486037774989812,-0.6135351451715676,-1.9283605737839056,-0.391716600060284,-1.2009702487593743,-0.6775980161414428,0.7073672407271766,-0.23897135369393183,-0.34804041196603897,-0.07089470473398189,2.0524346205039192,1.8087758963642995,0.42838720883733117,-0.21858440550098363
0.6039623719705757,-1.0433761767524206,-1.1889216411134347,0.017657813089219262,-0.554258148779695,-0.3432797361511822,0.09162103452081431,0.047419095527133706,0.6439316204695918,-0.8294981588496244,0.07193258684221226,0.2869009925260261,0.8502363760844849,0.07586140568910431,-1.0559511733119564,-2.2177534552553584,-0.41368398054046457,-1.6330883682836905,-0.3421396872360293,-0.12032734685218337,-1.1466639752211223,0.10215129980269168,0.3517337529452411,-1.2453653994283693,-0.43854931318639495,-0.5866803036952123
-2.3376412646341924,-1.047217991537806,0.08717377117213695,-0.2224422537429066,0.529803962431531,-1.3524480483088248,-0.6138474877479322,-1.0608423329033312,-0.6828695645736188,-0.7487437622761458,0.005728748231601177,0.2585219784711402,0.27357531884070574,-0.6460545779823976,0.21454192177593176,-0.8234105709714717,-0.022016602294725105,1.2417270775191214,1.3866328816046525,0.32168515109346024,-1.233517413204393,0.34533006087087426,1.7663448000644715,0.8162512827612576,0.49623181008788664,0.16489284128973572
-0.2136461481278342,-1.2169640254840164,-0.33086939965682427,-0.9601291891927209,0.5112554317158285,0.8530850609347836,-0.25996059121026444,-0.7916829889061171,-0.8308189916571176,-0.18948540540978814,0.6806971863574913,0.16138723457851087,-2.6925830429677884,-0.5665402900042632,1.8383677776417717,0.07691085257027665,0.15620460364099326,0.2339139995354364,-0.8543740426019891,-2.0214626088939047,0.745009284290038,-2.1513763764118368,0.39610759885092306,-0.2309588194488374,-0.1278463913907061,-1.625091540183349
0.09579143842145466,-1.1842690864400374,-1.2295975224180797,-1.0244574522305212,-0.41958137717080757,-0.8465692840555917,-0.148578274715343,0.9649492013453055,0.41640711104491396,-0.7950380501779345,0.8577674113624858,-0.6228016922263285,-0.8211276577950486,1.4808474179900617,0.09893795793653408,-1.0891520621833042,0.8439113468547861,0.3734803544168184,0.7969668703207705,0.5181684248356551,-1.2728290587241844,-0.48880620251236273,1.2624126180677484,-0.718032334844759,-0.5206572241941417,-0.6831199009239118
-0.8220431902699536,0.38679337062686686,0.21816288066832892,0.01767358379312171,-0.04115125722089014,-0.6617570384238107,0.618906259683602,1.2052362318549168,0.7299864307338012,-0.8078923884996995,0.39275625898721384,0.1213770222971901,-0.3193714488259809,-1.2302054480971154,-0.5446682056684737,0.06534685207760267,-0.46993396836254464,-0.9028413311092593,-0.1677315480875091,-0.31665762982429485,-0.9304738820022119,0.5309849442024905,0.6169350996935845,0.379553758871306,-1.2870004189665711,1.2337851371036475
0.9742287242065009,-1.4296286419493203,-0.21992944276477125,1.1825734978474545,1.098083644020828,-2.3368441091677923,-0.5803715198083474,-0.8038153868342026,-0.40104247248578884,0.053205343724883454,1.2922241940972428,0.27339181818035335,0.3058682973389136,-0.8761819826703311,0.7470858967672259,0.2699278772878242,-0.19446929886944728,0.5219401296429586,-0.35360909618041414,-1.407054894628968,-1.1068334676677167,1.3861853557232109,0.2893953497530482,0.2548133112017903,2.6316276698810643,-0.7869677457824193
-0.22622804213631828,-0.4376308929062992,-0.9151909629289693,0.2632081104129677,-0.16024827782235299,0.3936535582499873,-2.489288260702446,0.6034086457747374,0.764034689183843,1.0317713401270472,-0.32075570716521806,0.29723876524248033,-0.8627118840610227,-1.9705535422985623,1.9441470148798137,0.28408002426097456,0.11265187420549465,0.916572143672788,-1.2283445604103473,-0.7818663715626378,1.6388254821974004,0.5494234050817934,2.1566060820969404,0.36378693273332646,1.8267100552079598,0.058984673042385416
0.2897255555982747,-0.267706432416384,0.6066789762048459,-0.033347461964356805,-1.0023847751517665,-0.8170932552451686,0.749901405441128,-0.952215617201455,-0.2733401564087252,-1.0269438503972859,0.40244172805590583,-0.2676473377680014,1.3437461882564472,0.23762284447472454,0.8305277456261517,-0.9726501400526532,0.6899702703786376,-2.206292788085459,0.9508220267106545,0.07590146426787191,1.014808438966405,-1.729527621946621,-0.12486810417828866,-1.749359732529575,-0.3411725555336597,-0.5835646684992949
-1.021169124540354,-1.6462259517089493,0.6086872726340092,0.7387590915450966,-0.19047603366147994,0.9163853234622581,0.13137213838805023,-0.18264205897390062,-0.42614210383267465,1.206268527340153,-0.5564257154015951,0.26442271839082954,-0.05039056321697979,-0.7315632577178507,0.5161245673624324,-1.2807784157728186,0.3224707745579693,-2.403427985196612,-1.1985196837320018,-0.5712133862628856,0.1573042645810997,0.9225507722666325,-0.7901245393379754,0.032261731973969004,-0.6028377812234077,0.23318384044679047
1.0989313468904036,1.945214783873265,0.8606732182500564,0.8321638373318608,-1.1552242946941584,0.3268614788680236,-0.6471083251414127,-0.22151423679551094,1.1579599866132908,-0.089371934972195,-0.4540022230850161,-1.041195040550648,-0.10273687985105026,-0.11528064548446176,1.4561008892611338,-0.6530315521088128,0.8584432746552477,1.6354174577728562,-0.36200168256136056,-1.9354967619967725,-0.36148232874872754,1.6286831173154195,-0.06619605586212383,0.29412717108058867,1.3445288924708656,0.19420085251103894
-2.210845222952863,1.5841841298275579,-1.070778537915163,0.705897087991413,0.6587802055738308,0.4374616425080508,-1.460537605545179,1.0180160587482692,-0.25176360817517623,-2.6260040536705227,-0.7188726205901619,-0.8149298040516366,0.4401821821938326,-1.522748463605501,-1.7639431538214125,0.3612315344969155,1.4820906067922188,0.46308811835840225,-0.5990709118660322,-0.31645891115781605,-0.10897385939874425,0.10479974990929827,1.0121718589496067,-0.7688749256294874,1.4048214092174487,1.847701407593353
0.28685181692589007,2.3840153934832813,0.46257372023887705,0.40461629659520904,2.168208575307975,-0.6012294359067918,2.1317843083362598,-0.7213149089173195,0.3935166782114504,1.0958992484911412,-0.049626610453135295,0.10257424738762753,-0.9499435176905401,0.329777664951786,1.1859816002614945,0.35830504895756865,1.4102428259693458,0.12816037440107383,0.9139924158255759,0.11984612984089307,1.9553030435397107,-0.29697525497095295,0.4393897357184074,1.1706570081838639,-1.329728017360766,1.609910052273534
0.7944506795279516,0.5006638728336384,0.658022811543379,0.9251895272561879,-0.12341318860380127,0.5553444497982796,-0.9077739553389478,-0.16806728650548589,0.6915150685335331,-0.20665014586922334,1.2183028220497993,-0.6866500032205688,-0.6005596933798053,0.03979792565795676,-0.6256270335395303,1.6806038464456576,1.4287208539802532,-2.0373961174363293,0.7219865150123183,-0.07162855463227667,0.10757942600311642,-0.6147594553521492,0.6165369899112075,0.22265762359020735,0.9072352188969971,-0.7471336150687596
-1.2336090664678123,-0.37162672798671625,-1.3660736304270604,-0.6291801280168968,1.3393466086833048,-0.08384222898343861,0.22769807807462902,1.6218440483833396,1.8400359927266894,-0.1651886075694204,-0.2909926343440093,-0.017333308471231455,-0.7951668130469087,0.7516327969759714,0.006460732378287746,-0.10763667020053543,-0.05091880664941687,-0.6405371887889552,0.5321723436203144,-1.59589627311019,-0.760286257255117,-2.081026409902858,-1.5654989032811228,-1.335254010416089,-0.3694057794268675,-0.5847294578563932
1.3187164653500127,0.09989631600624249,-0.3674364124958481,-0.46891732895117966,-1.1221227059844292,0.09197750192334235,0.8884990361961996,1.4302376763358244,1.7756034198662973,-0.4218371782840079,-1.0206154075521467,0.5730392593118245,0.15325419095296816,0.43821911158042903,1.2705252640917284,0.8535468770075226,0.5028733632543257,0.08003066858018033,-1.2648636689095385,0.34118147817389627,-0.4474158832589303,0.10060520448140284,-0.4507035812956137,1.0025832420859873,-1.1960646595883118,0.008612865020352412
0.007502100840162164,1.005658020095273,0.996497583290228,0.7412144063716811,-0.9546769411539523,-1.4557895604671802,0.4401794797367212,-0.1967062906547679,0.8374126984361908,0.33345845291080434,-0.2884397009364191,-0.21406459954629234,0.3701607190905748,-0.5350630152848607,0.37730596769635005,-1.1156079459796369,-0.7312960218156928,0.7496021833804863,-0.266859431443864,0.14033301555949723,-0.8583782046061393,-1.0924062926019802,-0.10161127558288187,-0.6009291091349199,0.46871576391963354,-0.5743294156154592
-0.1540709417154543,0.7330671576839628,-1.0026990612306104,0.6306811371614544,0.04191696628397913,-0.4339630244136976,0.3835112130996261,1.640164815223946,-0.16133750059319854,-0.16258230860225484,0.035874247686516834,-1.0659445943391352,-1.0676274436320459,-0.4861264246410506,0.31290487272198836,1.422493383520504,-0.49777681736967544,-0.6972121698744748,0.2717642460406483,-0.44102414555517255,0.8206178538402736,0.418892748474249,-0.10431813586092349,0.24200274105820813,-0.1685410695147618,-1.2309046645285224
-0.8740567957684076,-0.1463146137085359,0.6246450436843287,0.3973949524036048,1.8592718397966221,1.2881718134573308,0.8845323032700162,0.3805613445796547,0.011200086089967856,-0.9633670143048574,-2.148201517288769,-1.6597909853524737,0.8687753702807431,1.042388277177311,-0.957094272740636,-0.8101637862888355,1.3450425860731363,-0.5533966296716395,1.0135608733046098,-0.5985144894889303,-2.2684546849606924,0.30851932793583586,-1.695617295352939,0.28398915963861404,-0.46808066565292494,0.09559883512900663
-0.9540105625297638,-0.30563993600625144,-0.027904992224137046,-1.7029861766585868,0.1058332316837826,-0.36530282540674863,1.370988733155705,0.6823013954077151,0.341834794179069,0.2243304120564601,0.010874671644608343,1.0425537090775252,-0.7870507418813038,0.044940976003907215,-0.11232793805553731,-1.6033894842464658,0.3708788098236679,0.18302201750343597,-1.2114025334103653,0.2390868242184739,-1.1609524614699536,-0.11489854108045826,-0.6372874131164903,1.2769498907613284,-0.3435648013314139,-0.737094962761407
0.24169188755027918,-0.05853454359846325,0.09408533388548727,0.8296587931071914,0.3025879605110586,0.2878598904255207,0.9096995710723307,0.9619713027919609,-2.4662335951482506,-0.4169928393170134,-0.2996008161465902,-0.28915339486920394,1.041093702911428,0.9156364995327123,0.2407282311885485,-0.5736231656655554,0.2606416872273129,-1.1813528012384198,0.2991159176582663,-1.7007747900534465,1.8315903005986718,-1.2175072900375323,0.26990429969183516,-0.9384517820539507,0.45575736616019796,-1.3647496742962248
0.41983897729984254,0.2710085150899401,1.0187151217089232,1.1342187247591302,-1.8720895669440158,0.9216137886851773,1.0711300681289655,-0.9464212174603595,-1.1962063348978642,0.9637910840566901,-0.7807226828894602,-1.3804821837205106,-1.8022794646151434,-0.6037500670316331,-0.3300612948389543,1.5996568852231994,0.3999554723916395,1.448342254141554,-0.11202360307257778,-0.5292111029233519,0.42033563192780693,0.44457513234099205,-0.5107757739703885,-0.014329915133437924,0.1537308603165509,0.8621315542073072
0.18075977601802104,0.39498730836501433,-0.7119135615783915,-0.8555159795322937,0.7336831347710027,-0.27469436074102727,0.6372041964066953,-1.4578506710109915,1.4800537484633698,1.0657703711325652,-0.7967536265334043,0.9986063113579127,-0.8244857380380729,1.587184461847228,0.052835975452661076,2.129758610990237,-0.6542900996856281,1.126264148427346,-0.10026036576868239,1.0989425806266908,0.5676924041227362,-1.10796618381108,0.7800172536909071,1.5405519458203116,0.24614631094559972,0.5123214063534699
-0.1769197350895616,0.6337566563851093,-0.3496903020771137,-0.9932550253106753,0.5138917650657532,-0.5454026087534214,-0.14636455313567784,1.0896839872506972,0.4585211200799728,-0.32140051579198387,-1.432450243631108,-0.8407124930945704,-0.24711501154435617,-0.8816748336793028,0.1154141972737537,-1.8371591791568782,0.8867714078564235,-0.42593808572874553,0.1778135713716276,-0.12909247322019513,0.7292983681854671,-0.7185087521875184,0.6164820264989849,-1.1514405141171398,1.6900788514687801,-0.037860092965602526
0.8750845209534897,0.6079672798049917,-1.15907754802613,1.1489213684063602,-0.41391370840940334,-0.7720768588679194,-0.271701414834157,1.0077207587250347,-1.4478578059644376,1.2812298157405848,2.1366971373237202,-0.5786640187235371,0.4769797116899192,0.33934829768272395,-1.4519368991684745,-0.04850079710061827,-0.9103983750660968,-0.5750087457803037,-1.7713700659790506,-0.700585311812992,0.007506239590049621,0.693113009137262,-0.4406481246669306,-1.3695206479766207,0.8718876287523005,-0.8387803907484704
-0.4691511663909572,1.1834249630299813,0.8421785507073474,0.16828318147810703,-0.5341007214726234,-0.30567251599998885,0.4162118637766685,-0.9193474947851716,0.5451488616355282,0.2624755013485979,0.11842104137322473,-0.2969822616524028,1.4252171583454318,0.11313671263301567,-0.9910631312320828,-0.7841886449444379,-0.23167320606983646,0.5254988399562883,-0.6535012104919031,0.24946416325689746,-0.6597244923905577,-1.6459267875512438,-0.2938359389647207,0.3475905726639007,0.88166123393231,-1.0152619948980084
-1.8591472454786573,0.8286150731756582,-1.212076471356595,-0.14780777968256117,0.6499708166982971,-0.13012917658808668,0.744092714700367,-1.014290555203595,-0.20918176453562434,0.6004871737022943,-0.2170646177251846,-1.311595049858678,0.7673679905016849,-0.4292508906711499,0.5640331257167411,0.5241473106855888,-0.5071575056423321,0.8367417337244091,0.34336851938198637,1.7656277147320227,-2.0404367658652793,-0.654085854512359,1.0230031727836955,-0.6308116516929733,1.51566230705332,-1.228499628554355
-0.3631168286071319,-0.10223334771337425,-0.11642581433839128,-0.10103859234014574,-1.212908658903698,-1.6369614833380675,0.02946480131256972,0.897125605910693,0.40354622225135506,-0.16330213108866087,-0.0747747391126762,-0.08516175334277637,-1.8119349100169488,-0.02796955155461494,-1.1797227862720872,0.17975563913505102,-1.5308821432283015,0.12026781207016604,-1.3778543646391912,-0.5426125715929159,-0.5161736959368192,-0.9451100330238389,0.5735566904250545,0.005985137970351632,0.4411056332586752,0.9417808986136214
1.0355506233944174,0.7126097934454599,0.1828650384773607,-0.662044290661887,1.6263199069068335,-0.9497481470779062,-0.7090110690012814,0.5709377723860444,1.2975215318875568,-0.5177516860461915,0.7751589337558785,-0.31268407541158805,0.6018869573268096,1.3564108280784877,1.0822962801972633,0.25495872110213086,0.4539350191382331,1.1072656324606844,-0.018404381163163466,-0.6101138935947332,-0.7778129239171585,-1.8493420865353376,1.0803711200207853,-1.3412974173383165,1.1105148127218676,-0.9389431587592346
-2.2163800308744475,-0.7171403565428575,-0.31378967977193667,0.4740623882070295,0.3101280856983427,-0.35749953614609536,-1.1673074935118002,-0.025312026461942343,-0.8533039781620788,-0.9492638638664884,0.036529589120349426,0.6843083876917395,2.23150549477884,-0.639004440554586,-0.897316673572012,-1.195163577471382,-1.1710837629890842,-0.27558749038764563,0.5473189117663498,-0.1263964686755172,1.4924142381533887,1.4164659538029158,-0.8263809351657696,-0.8341256181644282,-0.4285553852553019,0.3356251951791754
-0.5214690938767181,-0.877365731050194,0.1893672150789705,1.512761755005667,0.8410787965343174,-0.47260869540942707,-0.03951766421369509,0.4075707179322686,-1.4165854953347254,-0.40074282972239317,0.9329690566230185,1.1031166594837079,-0.315410704552759,-0.1573408481815532,0.02566971604053498,-1.1699516628935083,2.775535470779582,0.31273507239928483,0.41080361909965046,2.4459971780003693,0.4244635720025839,1.514021695480839,0.4486814567814737,-1.3812436928896419,-0.4226600992745822,1.9456470561946224
0.13515351849577353,0.6343007128677657,-1.1512029478234107,0.014665377270534416,-0.07911474350160552,1.2387079946813155,0.6875992021785371,-0.9835619440889319,1.432744625622816,-0.599958071998431,0.698546158476069,0.1603492068016285,0.9301872715858186,1.279144077669852,-1.6077103145565776,-1.0979023540602744,-0.0942165088289848,-0.004154350572033645,-0.6991899752002241,0.05759363510739611,0.2506895338857291,0.22560784908575887,0.26387247612533943,0.18348811267702209,0.7779560934369719,-0.21363565718988786
-1.0087605491301215,1.0138367334185354,0.8620373648688444,1.1874917878331792,1.5928009198884026,0.8560482978932178,-0.1253349130826765,-0.14916892354363717,-2.1294884509358,-0.9796405246666154,-0.8681823982879182,-1.7205209342471113,1.8663015979106685,-0.7213462576220653,0.11558517811530983,-0.027519233076709487,-0.02471215100453781,0.8817852984883933,-0.46277824744999063,-0.6996569823237595,0.5382465193858075,-0.41669020955369407,-1.890476639022284,-0.38127023630501106,0.04489193691048029,-0.8387300275413713
0.5106371247530579,0.17402601483932734,0.1301098893347577,-1.6387625037678129,0.23668248648506815,-0.016213270805087405,1.6826493611142872,-0.35532106364148314,0.6440619434586228,0.36327988439128156,0.2732720338824075,0.6560073848498369,0.24304117511323475,-1.4423895374790785,0.4346459661564393,0.7394314245537958,0.9557390885244815,-1.2086443357298324,-0.30863721235560637,1.5440260290135452,1.6597559991028679,1.1382294052123547,0.5792564743599117,-1.435263525940325,0.2564291639453081,-0.10312467118035702
0.9329039834402441,0.7185727320230174,-0.38035383514779253,1.64973736951409,0.4728036611205025,-0.9564358355992257,-0.16555566346730488,-0.9011133618333628,-1.5690231631218212,0.21902817713991574,-0.5504430873983853,0.8102768947310638,0.7119198373655076,1.7044259807612356,-0.80349813466501,-1.1412258062406404,-0.31611217080597537,1.7832978292960164,-0.7033202536689568,-0.03554168650962038,1.5440189220711376,0.8073887297971095,0.7447369529158416,-0.7639939922077039,-0.4403098976450251,-0.07742712926434549
-1.3762892125171422,-0.1279303988926528,1.2475678591006774,-1.3692141520974552,1.838329160849801,0.2987113811810815,0.5714301362444246,0.7415289832516464,-0.9680230805607786,-0.9087183543093187,0.15124398840039116,0.34537277857607357,-0.8092801171901014,0.1140503445475396,1.137647747979483,-1.5169050386538496,1.0617865445621002,1.8688127691324952,0.49598490537300094,-0.3006419989699854,1.5637352913059974,0.8953044905550235,0.39067802684922487,1.457885248359483,1.4394702835664928,-1.0520468996658177
0.8975491602386662,-0.7329268909739055,0.3629411955634437,-0.668323452024506,-0.619403769843653,-0.42656354125184137,0.3166096805414229,0.7424770183238059,0.4408391686664408,-0.1007729709773548,1.1882466374657588,0.8321010915525849,0.29059822613875524,2.0578830445964216,0.5087658496600014,-0.26470543775385735,1.5078807504365628,0.10888417411948641,-1.2679774138565236,-0.328034389018459,0.967748770941735,0.6789627044187174,2.4543848820231804,-1.09990247086922,1.5090648871405676,-1.818267252820386
-0.8565191737121401,2.5610026058807382,1.3302593601202073,-0.5387245433178377,-0.6340597214049055,-0.10543925519823262,-0.707506029792819,0.5752728184336432,0.07195740681719821,-1.5564458488788204,-0.34879089555434206,-1.152676047065549,0.7579200884743778,-0.048047915968937954,-0.778016259545184,-0.5413281607790584,-1.872290016356957,0.8979444363848869,0.8631994583054956,-0.392609883646403,0.19266773655843966,-0.953936100480202,-0.4138393931430174,-0.13463426774795414,-0.1791360549099271,1.1743162641838492
0.958324924770372,-0.7487437783481595,-1.8299607766981065,0.6499149561148286,2.0975437023840993,-0.2921604582009139,-0.01979929325021386,-0.7779189310063062,1.5264933680439905,-0.6225753927632196,-0.3841073721992816,-0.602226638821525,0.002121947176954975,-1.9156980864280335,0.49970219117729153,1.3280731020236778,-0.3121512986463036,-0.08393999715382859,-0.41453076941792066,-0.10147414886347089,-0.525457930305728,0.04967678844203717,2.5918778583006814,0.15085778415179216,1.5059658605200612,2.8768281382016245
1.2650649034801849,0.7527529426767562,0.2970107145583752,0.009979684711670983,-0.045051889758658474,-0.10500550800979164,-0.22581262768219704,0.7132581272823387,0.06664321344907895,-1.0233551551357136,-1.0999046633363385,0.08664236613578687,-0.34606172485856884,1.2370121028917265,0.009069775731053093,0.5397306308328862,-1.2937818978548963,-0.03316836562920552,-0.004674256244450472,-0.6869560592781944,-0.35350849000907036,-1.6786514224986688,-0.360521324571937,-1.9148175422154206,-1.716127897607101,0.7635508041239548
2.1435085153070634,-0.3937311103171537,-1.110325259106217,0.12568122074205856,0.20790041466475037,1.7816124728334022,-2.066155690251765,-0.20999554516611263,1.1280600769900564,-1.7560498258008634,0.5593591278063179,1.7497354958707012,1.5919156964008576,1.4824527407371937,0.23619710248995623,-0.685513146732371,-0.6108752371980778,-0.35628421885964184,1.4254679907954244,-1.6707577561059945,0.8394719245172834,1.2578265298828126,-1.0470710601991524,-0.872206922875782,2.250908868678227,-0.36930935743826376
-1.2087079265375633,0.09929137562327219,0.5137852993722734,-0.00721935867938109,-2.925340758413607,0.13811404141204672,0.14892732990975913,-1.0754171421555103,-1.296468241406473,-2.0716938752732226,-0.7128946594082137,0.8617283991586505,0.8617369123694082,0.7165369383025892,0.6427792267610315,0.8494660453198434,0.24351341446542663,-1.2678917077182932,0.3354551953211214,-1.330475563217865,-0.9810607490859172,0.8696494464702402,-2.136971100520546,1.9105621512752842,0.22231434267446568,-1.267754380758901
-0.1839403995531111,-0.5445407567370815,0.4788240097516501,1.7590465712502514,0.5885641379611969,-0.043467247471785014,0.15718796145558278,1.59969361784417,-0.20116345382691017,0.33302559395799014,1.4654441118195374,-0.9034663412572854,0.6328432720268371,1.5782424993755484,2.0357055944342624,-0.15951166613678044,-0.9221672589766452,-0.16042755419072516,-0.5852715495936551,1.278349973970009,-0.1669704525432116,-0.5455368610687792,0.47113926345849855,-0.38962781876708313,-0.26935236868431894,0.09583188470985077
0.0643883740111574,-0.2743286239356861,-0.12121611710930161,-0.5176451876794488,-2.852769573886972,0.0947474195178249,-3.1669221372934246,1.5341118555653934,-1.9172084003311143,0.14378375705748747,-0.5372202175126435,-0.2485984934015247,-0.19330376339453945,-0.15563554473228178,-0.33393387751858167,0.2339879731910952,-0.46301407617288215,0.4453838123493533,-0.8344931324431946,0.19594261460870824,-0.5606691634319161,0.2580573597510801,-0.28078727884582194,-0.42678933642577904,0.06855141079694037,0.6017798709883783
-0.3510326694276088,2.087337805332441,1.2713525800316725,-1.6135609425260933,-1.2729217394187822,0.6198641838903057,0.1549840999294533,-0.7529950066778145,-1.4650344076953374,1.6613591948377904,1.2372798961450422,-0.10397886615008711,-0.6830204183120474,1.2568338368943037,1.492629792812066,2.416016339261353,-0.2651422209872812,0.2292477926238196,-0.40191326932325616,0.9585215445754416,-1.7797785365724743,0.5490518660910724,2.833277614595771,0.1674670712663696,-0.29015240094374983,-0.1431009579942033
-1.0972483513137894,-1.020078935730891,0.1912120047264194,0.9173196948626888,-0.3443250486743142,-0.20922091515185293,0.4336805517993049,-0.7236837464125956,-2.4460260048881532,0.190466182088701,0.12690912434277948,-0.7452373321057902,-0.6497488333051341,0.9128417523163607,1.0634969235944172,1.4045880998976552,-1.8738459597388921,-0.09751406012321026,1.9442778628528865,0.6415162135002769,-1.485510288125775,-0.9212636616627997,0.8847365867972321,0.9381172010061718,-0.4575490359493125,-0.25768961393223405
-1.8009774650198276,2.1250036774328436,0.10538218497397149,0.79141147783449,0.566170930537962,-0.9016697768470574,2.76393144082012,0.6452672282366644,1.179323517502398,1.2319306812021096,1.2864799274596455,0.8323404893837104,0.7350285331289722,0.07922595705237458,1.144881262269793,-0.255897313939221,0.7006204744193039,-0.853228854487135,-0.1503245342064708,0.6844337502203944,0.41555547784333136,-1.4445874252147803,-0.5279652710505174,0.6533170152869617,0.1169921480793479,1.091709313935529
0.33323017150635603,0.17515068050229995,-0.5821382746325423,-0.5071062561183207,0.17409619648639899,-0.8166170162543432,-0.22485528054696136,2.8872982755810668,-0.9633588220258555,0.4659935461633618,-0.5527815025391641,1.2457163014845367,-0.7288044570862352,-0.8516853390940874,-0.24624332679748917,-0.32606275183390937,1.1424166235389666,0.3021600168305086,0.05443523582380631,-0.3433147054202071,-1.3435633607090385,1.3689102421271584,0.42504901898731423,0.4136124233248516,1.578245049804664,1.5249193451779677
1.8228930444882327,0.5023064613371967,-0.08409889238615627,-1.215137893817521,0.5923144779427513,0.2934286483325627,0.4938507259698088,-0.2585850200468641,-1.1179681336871696,-1.2353381229024867,-1.4186973570018109,0.27438838441517377,-0.13342152170647528,-0.48637674618113524,-1.4530349691641926,-1.3106866001492032,-0.04348408226756763,-1.5070797865670205,0.6783496820924031,-0.1707822441965583,0.4221772209342013,-0.35152973637838936,-0.3482544908017881,0.17789036855561718,-0.4372001004383495,-0.021607089996097468
-0.1381983450822241,0.6195129579638481,-0.551170003038824,1.5842406034424352,-0.47251713428220476,-3.2563368775079096,-0.41851372839051826,-1.0175352007110194,0.3256860796135452,1.3116380262917084,1.4589180331660205,0.47602864028338365,1.6501625095911632,-1.0116070503596473,-0.3658525978200014,-0.15460687978005566,0.0353412164397518,-1.6202064789506339,-1.5287534750476712,0.4665546741047836,0.01761475768547415,1.0973019191085402,-1.3071033013589204,0.3211308296689006,-0.9359806232436473,0.25907893560271644
0.3823068950418988,-1.0103925906953093,1.0153023116491589,0.4809601445583761,0.5627894930689658,0.646086691523759,0.1207627293753431,1.3843860407187172,-0.5017894077963758,0.8936648673923716,-0.45839759616623577,0.2814181355791806,-0.2997671777026461,1.2006284831749123,-1.1788445806880261,-1.0563217547557349,-0.3370185777066615,0.17846909120305274,1.210533282843981,1.2695492354036628,0.6760487116498214,0.9601231630261785,1.0060303016315193,0.10236716022808229,0.8134049026386732,-0.40296091905862225
-0.8731313814881717,-0.8798700376518961,0.03567377358695786,-0.6453153916767917,-0.5533567935655589,0.14795711677549814,-0.7545347393828367,0.3564976968466421,1.5143203703912687,-0.28033661236750423,0.3673053452165641,-0.9212673229152298,1.1859634722572403,-1.0752649700335761,-1.2783781640630156,-0.8455198300876056,-0.9557349697191826,0.55086362601014,-2.3584687554100534,0.75391285084217,-0.0012678522188654831,0.8674649935701335,-0.433598380647381,-0.3900595028986061,0.696714643556973,0.037182602785424144
0.8465495618167825,-0.5270472445450812,0.662021885866743,0.1586668007334314,-0.19638226276711757,-0.037927479231087816,-0.13276770881757755,0.42209679854595916,-0.16263123253922862,-0.4702326104234727,-1.4668724694120787,-0.5829270557919168,-1.3783979590608837,-1.489443755555828,0.019658370008280787,-1.3497314425776128,-1.1920106649826112,0.1617366486784595,-0.044065181983799856,-2.0195333617592164,-0.718896110816206,-1.413466247929297,-0.2572059838467248,-1.6455457562183475,-0.5500054413779255,0.27293863273010677
1.0795270337006952,-0.9270884469645002,-1.8034401848287958,0.14344953634900706,0.6658085962682468,-1.2775126686834175,0.22211204271116256,1.6420834779113407,0.9244241828000206,0.9826753876989154,1.090954131633749,-1.0585083987606903,-1.2558377356700685,-1.7764038044397332,1.7391082960293112,-3.012314760799991,0.975717776277558,-1.0200089260213518,-1.5782493750625186,-1.2218209984937558,-1.0705493605226013,0.8710716519534937,0.18371691309304694,0.14249167148570163,-1.523534133269759,-1.1206263226214683
0.6425523675893103,0.12427284198627526,0.7881686884907764,-1.0893225869628282,-0.7349370163303061,0.8889278852286958,-0.03508654982091312,0.2030621515306822,0.0162398015403937,0.5258157859318534,-0.027902020091924894,0.3021845764302999,0.8719501854671152,1.54473825994569,-1.5762609400305336,1.6822029106116654,-1.6022572719209205,1.64669524734571,0.03760247259788943,-0.8112676524941907,0.3268359540229505,-2.0988423771466285,0.1792609794568731,-0.3108806986543559,0.719912358220589,0.043999695780958234
0.11914444310785503,-0.3538690666688548,1.4868213988818388,1.2438956272770576,-0.2683574768584306,1.0082957051255625,0.3873759698086149,1.3485183086854318,1.9294456483061315,0.7293021008368438,-0.21618992826751582,0.12029153176126288,0.2829990008443154,1.096130051324,-1.2090219295772646,1.4302159399365286,-1.6783088669891704,-0.556928542986404,1.2567581605364135,1.9139125854531562,-0.7110597407751712,1.5608016825999222,0.15639113047946274,-0.9602088776239488,0.06889857756298232,-0.3056581328808457
-0.950057312140875,0.6899859664116452,-1.2624022586152528,0.6237869658570755,-1.0524084907644367,-1.0869266057333524,-0.018950552435345474,-1.2800015292724698,-0.4873665182188387,-1.5846559782200467,0.1458231745097121,-0.03520825822352031,-0.7106982252684225,-0.5436989415087414,0.7490460832905019,-1.3207097103036967,0.6506565862355076,0.2810929475262787,1.1265063026017186,0.4684256382334376,-1.4357649783920035,0.6156793881866336,-0.4431301669509999,0.023049027339714694,-0.33766126800964363,-1.8865265321678184
-1.3293379386313129,0.5827612278766602,0.404701014949744,1.5621196237948798,-0.47149819135358517,-0.5541512032843328,-1.4705811221432068,1.6079455842006745,-0.2555255784671876,1.1125928388629276,-1.333938924556935,1.7004468843610616,0.4334375560836492,0.2239065226351236,0.2089505645837179,-0.4158696878934919,-0.7143998065818622,-1.1313741252431155,1.3107048345884096,0.4646449551110379,0.48176394027008984,0.7671423292212446,0.829472909757795,0.5546451452086892,-0.5786158402486273,1.631153203666356
1.3095908718593319,0.39956099600598965,-1.6016045929014269,0.3188317109307685,0.58962342581781,-1.2293386788683303,-0.20726369638374073,0.5797176211792374,-1.2818286983235312,0.3959828650474984,0.9705935605564406,0.5055560898614313,-1.7929923780278234,1.0869208400052095,-1.328588279063825,-0.8749974976319147,0.8826321257223122,0.20289720146653598,-0.22586222569712183,-0.8843784621642745,-0.32130565025136265,-1.1996104122406752,-0.0910306335709768,0.19089630365987567,-0.4379753814015397,0.07484987977279588
-0.483635157956849,-0.36482147510785723,0.3717238113165615,-0.9108406578354833,0.34857073791515625,0.12447625633060785,2.508949186390392,-0.07114114496725307,0.3016668828895125,-0.9814154198524867,2.5679757391952593,0.11098327769970477,-0.8971586432626341,0.2592995214051905,0.25096223781724003,-0.0025154809231133952,-0.7695078844597177,-0.06549295621617507,1.5190472367985188,-0.8806554065966194,1.4711285726931789,0.06271877380249623,-0.9997037311133501,0.617361042977893,1.5532244619744837,-0.18881149568867586
-0.32360372814168337,1.4010067803476487,1.5883240264789569,-0.0882869814944322,-0.04429683548665,-2.2177108270446206,0.20071187081158626,-2.1123889663373916,-1.6783512170854158,-0.6645521418173992,-0.5349996404534176,-0.4261791381124984,-1.0005099300629372,0.3611567821814068,0.03478557790060847,-0.4607064393602882,-0.7630271392278313,-0.26193694093826375,0.2753151171486898,-0.3230512877011702,0.23221423542707686,0.4810516562255897,1.6644187625912568,0.18375927092765457,-1.4835332913157786,-0.6935061799165222
1.0840304657704216,-2.4522303162969323,-2.363001570121992,-0.5627292540133758,1.0032620958946195,0.9316740125155497,1.482025612769196,-0.9394602948980468,0.6780639176239123,0.4022129251635707,1.2125724997090241,0.4434685903462622,1.0065695265730936,1.3887960530495778,1.086051969730694,-1.2096185643572135,-0.27116779101831,-0.6534735073437933,-0.16264253475412327,-0.1447565135084677,1.4036888101062572,0.5288323562543678,-1.1448147593494777,0.8789836849004109,0.9706154692572613,-1.948970128370681
1.516927218407885,0.981650671431135,-0.33897261514982324,0.048814093661256046,-1.0835008744938872,0.6057545889226852,0.5099459536030669,0.6714035755042012,-0.37074856450802607,-0.6995551450713643,1.7907891997179968,1.920665278936417,-1.596573688092783,-1.2520090767073695,0.7459218016354651,0.4908152169853767,1.5181133230814259,-0.1862378094710687,-0.48131841464239444,-0.940780204824751,0.9625717845624505,0.6197743574872797,-0.5844769217715783,0.5636192294791378,-1.3237011848972404,-1.6493991945935114
0.5667220473466632,1.1136390936412266,0.38244131645432466,-0.23727976098952686,0.6591697740687837,-3.178436473711706,0.2171724561789299,-1.8502793567054132,0.22690928784475728,0.7971386714356573,1.1730096270126413,1.0402923183945216,1.4080202743628605,0.730664251192792,0.8243510078959099,-0.45172626555665407,1.1449834226019249,0.6536489358148406,0.19489186037880002,-0.4951888840729416,-0.6890922469133792,-0.9571994051346028,0.158767571138064,1.0016272393120824,0.01845126241381601,1.3880031222154736
-0.7560341594793698,2.6323903396104655,0.2992916641706219,0.038504224873065436,-0.14040267820860017,-0.6041554225862253,-0.24154867093719085,-0.4346297556843152,0.5615994325422331,0.9984317895246845,-0.00565369035162443,-1.0114045016524047,2.3075242171721952,1.026052894031162,1.277723304604562,0.9023501743847889,1.5983977736869486,1.0255352887187987,-0.06324486674718612,1.1201447543063394,-1.7062169338300979,1.7486029291090752,-0.7707806317731336,0.11934462131136797,-0.5641013553583676,-0.16510340853370956
-0.9924962094440277,-0.0331207302731651,1.3830240514280576,0.016800378151596577,-1.1685746284848029,1.5995649463358528,-0.03315272820207396,1.377142837379596,0.17149185486707072,0.8989726254830728,0.4158119772883424,1.0883911579411585,-0.0035899241587580076,1.540915793794513,1.2440542288886396,-0.7055534550907799,-0.6940928456527643,-0.48293235083312247,1.0640343422658434,0.34647248143995046,0.8448813046190583,-1.0382698934062313,0.8243205516821163,-1.234005360287385,0.4134512622726026,-0.8801395254044747
-1.0514449915198978,-0.1253307591569451,1.2594376747169749,-0.8922497514791439,-0.5382022843194056,1.3514491215732085,-0.10000502630581411,0.5206581285167038,0.2588436324761928,1.5983516870999825,0.9553658167017449,0.9463799272499588,1.0158748755662173,0.3450659528546328,-0.74508263562094,-0.18878657237028582,0.4120766707859235,-0.5171854053471749,0.059249239829713835,0.40305408314209284,-1.0973055301620904,0.5663981346254188,0.5257589014540976,-0.5517326073808101,-0.24671760891471067,0.6015264768814771
-1.6852471083509812,-0.8714191253441431,1.3736281178761496,-0.6684170662048334,1.1327048990992847,0.06617086437993072,0.10821151640851007,0.15673628924322391,-0.9298708207271876,-1.884256251519669,-0.5826133123122176,0.9100601384301285,-0.6915886391589406,0.292089966444103,-2.038434510319947,0.08121815099309249,-0.12949324393307698,1.2793752051992586,-0.5314110600740294,-0.7735631719546437,-1.5731871350145508,0.44392930181832624,0.37607538209863567,1.819550821146687,-0.09760473899722731,0.4825635475225607
0.6109909307204521,1.2387088928572472,-0.43652288203378126,-0.1308786723355532,1.0074624686356313,-0.3556346206406497,0.5190212855932305,0.4098134129431348,0.632801111931953,-0.47710267474187223,-2.8061315993846168,0.32706376177372337,-0.8703031038532223,0.7373925920678452,0.5791787406887091,-1.463719168844725,-0.7797173571774888,-0.5624901572552597,0.565032143674373,0.1661100596980256,-0.2007888666215377,-1.585815098074697,0.6565652631714968,0.7984862619692875,-0.39566262443930417,1.5434287181848858
1.7232316812070505,-1.4487927374550864,1.043503327808692,0.2648403148449014,0.3590778331883452,-2.445160780761201,-0.010814647456817542,-0.014872272305957746,-2.0219801432655737,-0.5210893600409321,-0.7241678818061932,-0.7274260733606003,-1.436702435417919,0.5640979931271332,-0.36094167543316996,-0.5207664010406926,0.5735912939074997,-1.0021573102680312,0.16989880783059302,2.452405180502276,-0.9600780302406378,-0.16791098148985084,0.45008544325770156,0.1748567807400602,-1.7354913864288455,-0.1284196116058985
-1.204888116454669,0.379360469982929,0.2790925433741852,-0.27206053013372417,0.9388097422016848,1.014691670038441,-0.8840768903728446,-0.7984722312116899,-0.17022501671706497,0.9110539300662744,1.1367457628460327,1.273671944820789,0.40964369112496635,-1.080417143204307,0.5251495050625293,0.4697438265219954,-1.9131505779572542,-1.5506543822344128,-0.3128336466582561,1.8435853664551767,0.196603342761216,0.6928402195268785,-0.8218765745035448,-2.2020137281654724,1.2477293810161025,-0.993530220837671
0.7320329369577809,-1.0581384863965693,1.448034073988598,-0.5481494768741507,-0.9913156116441769,-1.5093668222971226,0.7985323229874713,-0.4492963562134359,0.021081697474117582,-0.1918584307868547,-0.7265502936262874,0.08778330807717324,-1.4314446685295015,0.5375172907277797,-1.963684451263286,0.24660519530299427,2.070116642586866,-0.8722625219009783,0.5060601534183037,1.0164952530411022,-2.572636564628497,-0.11996152948745487,0.4158014844456687,-0.31035944825390305,0.2835882815886918,-0.5700784742394265
0.6822304134211913,-0.5091865272623523,1.2301874438671812,-1.0701965559714992,0.6351221426816481,1.135230175643194,-0.6213708224519008,0.07638253792299407,-0.18112061288615133,2.4588843354194085,-0.8807365695951463,2.4677546603084486,-0.2819830414090071,-1.2669347199143939,-1.0436855957438893,-0.3645667091018627,1.7735873875812969,-1.0367097521628046,0.41592454931689926,-0.1753968625397139,-0.3090238506329906,-0.32852205481637775,0.8664572798063271,-0.6990120110431077,-1.1068786336436534,1.397078135793116
-0.5109841504782082,0.9912434877995046,2.6185656962023276,0.7722502709948168,1.3513652976052075,0.6014602770880528,-0.2833378070323347,-0.571696224938486,-1.4620219198227613,1.6431727562437803,-0.05723629420646489,0.6817165652255683,-0.021445012478334236,-0.14045091149336922,0.48254890062385347,0.037229804358620375,-0.00696884061557788,1.0948803255504909,-1.9918765868803388,1.848234227228555,0.1119701026091471,0.1128193975617177,-1.0831790798288092,-1.1381850515629375,1.2617362072664562,0.37321427092675236
-0.1342110974952535,-0.4304473952746292,0.23172877808683226,0.8312827314767858,0.6920231702201045,-0.8538825082994117,0.7252019412073119,-0.41306187124405663,-0.0805865340066289,-0.0797317246982583,-1.483345278042954,0.1293028135352287,0.19328445844818684,1.011664847225976,0.6873187347358509,0.54583616585096,0.022076987972345075,0.47259512217307637,0.46788215276784534,-0.9611996409882853,-1.3546022577201535,0.6762235512294265,1.6409776033788435,0.31954516277702755,0.22954638963040114,1.6132195904441786
0.09314441298487096,0.8743134066608853,-1.1265091192055807,0.10228746494897116,1.3084260582750553,-0.5967001296418282,-0.23652288030459653,-1.1251699134778184,1.3107697071037512,1.0494251206984373,-0.1876265800656473,0.8679883693475421,-0.2928000707265293,-0.18444575665856677,0.7113426211378991,0.9212130905593344,0.2937786469987969,-0.5196502709388507,-0.7598954029739668,-1.2070571642075232,0.5533168523831239,1.0214689744288175,-1.591386400307716,1.335348432210319,0.6442798617633031,-0.6245387464321104
0.6013269059302376,1.029243210353817,0.6923577561432233,-0.5347459176470027,-0.47608228839943567,0.05263586479819903,-0.14940491082553622,0.20191235663425533,-0.5663142939853358,1.5956446109408313,-0.9657527598317212,0.12493275743103686,-1.83189513685313,0.20725085940407886,0.6691662613261777,-0.40872571361036175,0.4372839579649327,-0.4357807470630172,0.3924345909836858,-0.8206450016954538,-1.210203938649263,2.3925846841420033,1.2479484445960654,0.9162133018622592,-0.681748902977218,-0.019905792808199523
-1.0835670037750542,-0.9300874856834201,-0.29278558827537926,-0.29286512766073675,-1.8251152456513402,-0.7976259946805015,-1.8317824408309356,1.6333492850573985,2.353096512050633,-1.3495285017322258,-0.7697162326263592,-1.486803032667317,-2.294008184899826,0.1461467247615595,1.1295475751110957,-0.33280103508518394,-0.30741261112291296,0.1807403943599843,0.02530723317897501,-0.5383745790013881,-0.8209313043874893,-0.24898431956384767,0.22307847019677385,-1.6272767640120713,-1.0047406655719204,-0.31445122858989366
-0.4205866960879432,1.9257722090871634,0.2846112664466705,-0.11363496968873099,2.448735859041883,0.3052573155535034,1.31712882286896,-0.2584035163153154,-1.082278878336793,-0.4036390241819224,0.7878239693275978,0.5181124027642873,0.8875219173201682,-0.7954391339354601,-0.6352859825836413,-1.29343126865765,-1.2962707251987151,-1.2733841075484909,0.007919712851002264,-0.5865275939020675,-2.18674553890513,0.5258691148274789,-0.24810689259461716,-0.6474488191433837,-0.5024426735099692,-2.0309595430175
-1.8054346656821643,1.0134812436846363,0.5883904462138182,1.1093181256939588,-1.6524995141891505,-1.4044668382816337,0.606007192076414,-1.3913166280047737,-0.4912829616627926,-0.09810856871333981,-0.5162124137095219,0.8611237067770864,1.6902658542956785,-1.005386026743732,-0.25464419073902095,1.219056426844036,-0.7649644469994578,-0.9126338245881227,1.302624088832099,0.1916816319515274,0.5334481660203262,0.21513270439890764,-0.781678384845879,-1.3289114115700558,1.3701165231997006,-1.2661606570513466
-1.0362976182584638,-1.1771006479470563,-2.4721179549373185,-0.3700441460929867,0.10818400795916992,-0.7534868954403557,-0.3310421560748912,2.2033734728082086,-0.31910018056512385,0.42879277718687336,-2.2761139241971082,1.365774564870677,0.4505929416934482,-1.3707024788337416,-0.5980696380053326,-1.1776543973208726,-0.08722496461688736,0.1906436016665054,-0.5066775519999435,-0.44267875152421604,-1.1862589407000639,0.7436547435740285,-1.8422355115636866,0.7023689085772512,-0.726212301916972,-0.7921103301341661
-0.6810743074099379,2.203923234556929,1.5557235066542359,-0.8085585146498071,-1.4157919436838202,0.5865900833937194,0.3939857850226617,0.4551182660507844,-0.05018415649825129,1.2982766242623216,1.029578260546064,-1.1131355892709003,-1.3788181934902,-0.5417263393694464,0.38340146720652246,0.22869617991788793,-0.6077676530403192,0.051740983984718526,-1.183910459473802,0.8304444084872449,0.9112604918388576,-1.470620519935311,-0.4502589748546704,-1.1460240530271448,-0.548446142367181,-0.016534284306401387
0.6160105820692113,0.16277292417469175,-0.42532613941671166,2.040242992736922,0.3399786799774316,0.48975077725919997,1.0307804937950118,1.0618311551153996,-0.040147984524378656,-1.4063661982005102,-0.5286697303858037,-0.7404608641102015,0.47489817482166524,-0.5586945067683033,-0.5562679899191594,0.6191459593605786,-1.2484447166959398,-0.5301260798368568,-0.04532798256460449,1.3140227301827538,-0.20306001974437682,0.7675018115888281,2.0551047110886125,-0.13115386113396954,-1.1852812680683271,-0.20876591245527149
-1.2685062735035402,-0.8151209935893264,-1.67091876846304,-1.1033452648221624,-1.3480748306394295,0.15734484654563946,0.2499706361176371,0.5819914946385033,0.1152228867982249,-0.8980880716730918,0.31912929431357684,-0.34208238069021657,0.7732254387086048,1.0137051344663324,1.3351627364136471,0.42811229726252753,0.22762293009848397,-0.1471310620755341,0.6923952883398636,-1.3085674230928175,-1.1972881298846823,-1.3488623687407386,-1.6121578025229448,0.9683664887767446,-0.9362330070046214,-0.7339353968646825
0.7194342322019947,-1.4512632556942437,0.1739336862880396,-0.4015248566142569,-0.9711517530150874,0.5312550443962384,1.6495307974721043,-0.25233199776830456,-0.9030500448867517,-0.7738168120330715,0.15425809662438894,-0.3108076219996364,0.941683022513332,-0.374947936233191,-0.9227757503005111,-0.08055415810653871,-0.55517780940931,0.7689330077205947,0.10175116610812929,0.14667334025746748,1.4838160354786094,-1.31975156719931,0.10164575674058247,0.14541015465470142,-0.363424104663197,0.9370956832823724
